<?xml version="1.0" encoding="UTF-8" standalone="yes"?>
<addon id="repository.screenplus" name="ScreenPlus" version="1.0" provider-name="screnplushd">
    <extension point="xbmc.addon.repository" name="ScreenPlus Repo">
        <dir>
            <info compressed="false">https://raw.githubusercontent.com/screenplushd/repository.screenplus/master/repo/zips/addons.xml</info>
            <checksum>https://raw.githubusercontent.com/screenplushd/repository.screenplus/master/repo/zips/addons.xml.md5</checksum>
            <datadir zip="true">https://raw.githubusercontent.com/screenplushd/repository.screenplus/master/repo/zips/</datadir>
        </dir>
    </extension>
    <extension point="xbmc.addon.metadata">
        <summary>ScreenPlus</summary>
        <description>ScreenPlus Repo</description>
        <disclaimer></disclaimer>
        <platform>all</platform>
        <assets>
            <icon>icon.png</icon>
            <fanart>fanart.jpg</fanart>
        </assets>
    </extension>
</addon>